Workbook

Sheet Resumo
A1: Distribuição de roles — atendy-v2 (producaoAceleraiAurea)
A3: Role | B3: Active | C3: Blocked | D3: Inativo | E3: Pending | F3: Total
A4: admin | B4: =COUNTIFS(Usuarios!$A$2:$A$72,$A4,Usuarios!$D$2:$D$72,B$3) | C4: =COUNTIFS(Usuarios!$A$2:$A$72,$A4,Usuarios!$D$2:$D$72,C$3) | D4: =COUNTIFS(Usuarios!$A$2:$A$72,$A4,Usuarios!$D$2:$D$72,D$3) | E4: =COUNTIFS(Usuarios!$A$2:$A$72,$A4,Usuarios!$D$2:$D$72,E$3) | F4: =SUM(B4:E4)
A5: supervisor | B5: =COUNTIFS(Usuarios!$A$2:$A$72,$A5,Usuarios!$D$2:$D$72,B$3) | C5: =COUNTIFS(Usuarios!$A$2:$A$72,$A5,Usuarios!$D$2:$D$72,C$3) | D5: =COUNTIFS(Usuarios!$A$2:$A$72,$A5,Usuarios!$D$2:$D$72,D$3) | E5: =COUNTIFS(Usuarios!$A$2:$A$72,$A5,Usuarios!$D$2:$D$72,E$3) | F5: =SUM(B5:E5)
A6: producao | B6: =COUNTIFS(Usuarios!$A$2:$A$72,$A6,Usuarios!$D$2:$D$72,B$3) | C6: =COUNTIFS(Usuarios!$A$2:$A$72,$A6,Usuarios!$D$2:$D$72,C$3) | D6: =COUNTIFS(Usuarios!$A$2:$A$72,$A6,Usuarios!$D$2:$D$72,D$3) | E6: =COUNTIFS(Usuarios!$A$2:$A$72,$A6,Usuarios!$D$2:$D$72,E$3) | F6: =SUM(B6:E6)
A7: cs_head | B7: =COUNTIFS(Usuarios!$A$2:$A$72,$A7,Usuarios!$D$2:$D$72,B$3) | C7: =COUNTIFS(Usuarios!$A$2:$A$72,$A7,Usuarios!$D$2:$D$72,C$3) | D7: =COUNTIFS(Usuarios!$A$2:$A$72,$A7,Usuarios!$D$2:$D$72,D$3) | E7: =COUNTIFS(Usuarios!$A$2:$A$72,$A7,Usuarios!$D$2:$D$72,E$3) | F7: =SUM(B7:E7)
A8: attendant | B8: =COUNTIFS(Usuarios!$A$2:$A$72,$A8,Usuarios!$D$2:$D$72,B$3) | C8: =COUNTIFS(Usuarios!$A$2:$A$72,$A8,Usuarios!$D$2:$D$72,C$3) | D8: =COUNTIFS(Usuarios!$A$2:$A$72,$A8,Usuarios!$D$2:$D$72,D$3) | E8: =COUNTIFS(Usuarios!$A$2:$A$72,$A8,Usuarios!$D$2:$D$72,E$3) | F8: =SUM(B8:E8)
A9: dev | B9: =COUNTIFS(Usuarios!$A$2:$A$72,$A9,Usuarios!$D$2:$D$72,B$3) | C9: =COUNTIFS(Usuarios!$A$2:$A$72,$A9,Usuarios!$D$2:$D$72,C$3) | D9: =COUNTIFS(Usuarios!$A$2:$A$72,$A9,Usuarios!$D$2:$D$72,D$3) | E9: =COUNTIFS(Usuarios!$A$2:$A$72,$A9,Usuarios!$D$2:$D$72,E$3) | F9: =SUM(B9:E9)
A10: Total | B10: =SUM(B4:B9) | C10: =SUM(C4:C9) | D10: =SUM(D4:D9) | E10: =SUM(E4:E9) | F10: =SUM(F4:F9)

Sheet Usuarios
A1: Role | B1: Nome | C1: Email | D1: Status
A2: admin | B2: Ailton Santos | C2: ailton_tim@yahoo.com.br | D2: active
A3: admin | B3: Anderson | C3: andomingos87@gmail.com | D3: active
A4: admin | B4: Arthur | C4: arthurcavallini28@gmail.com | D4: active
A5: admin | B5: Erlanda Ruas | C5: erlandaruas@gmail.com | D5: active
A6: admin | B6: Hemilly Kinupp | C6: hemilly.kinupp@acelerai.com.br | D6: active
A7: admin | B7: Jennifer Gusmão | C7: jennifergusmao@aureatech.io | D7: active
A8: admin | B8: João | C8: jvfagundes.fs@gmail.com | D8: active
A9: admin | B9: João Vitor | C9: joaovitor@aureatech.io | D9: active
A10: admin | B10: Juliana Oliveira | C10: juliana.oliveira@acelerai.com.br | D10: active
A11: admin | B11: Ruas | C11: ruas@aureatech.io | D11: active
A12: admin | B12: Aurélio Figueiredo | C12: aurelio.figueiredo@acelerai.com.br | D12: blocked
... A72: cs_head | B72: Luciana Lima | C72: luciana.lima@acelerai.com.br | D72: active

Sheet Notas
A1: Observações
A3: • Schema TS define 6 roles: admin, supervisor, attendant, producao, cs_head, dev.
A4: • Roles attendant e dev existem no enum mas têm zero usuários em produção.
A5: • Status 'inativo' não existe no tipo UserStatus (pending | active | blocked) — 4 linhas legadas no banco (destacadas em amarelo na aba Usuarios).
A6: • getAuthSnapshot() em lib/auth/get-auth-snapshot.ts classifica apenas blocked/pending — qualquer outro status, incluindo 'inativo', vira active indevidamente.
A7: • Dados extraídos do projeto Supabase cfgeilnppnlyhwnabkox (producaoAceleraiAurea). Total: 71 perfis.
A8: • Os contadores na aba Resumo são fórmulas COUNTIFS sobre a aba Usuarios — alterações lá se refletem no resumo.
